<?xml version="1.0" encoding="UTF-8"?>
<metadata xml:lang="es"><Esri><CreaDate>20180119</CreaDate><CreaTime>12584700</CreaTime><ArcGISFormat>1.0</ArcGISFormat><SyncOnce>TRUE</SyncOnce><DataProperties><lineage><Process ToolSource="C:\Program Files (x86)\ArcGIS\Desktop10.0\ArcToolbox\Toolboxes\Data Management Tools.tbx\DefineProjection" Date="20180119" Time="124855">DefineProjection CP_09CDMX_v3 PROJCS['Lambert_Conformal_Conic',GEOGCS['GCS_WGS_1984',DATUM['D_WGS_1984',SPHEROID['WGS_1984',6378137.0,298.257223563]],PRIMEM['Greenwich',0.0],UNIT['Degree',0.0174532925199433]],PROJECTION['Lambert_Conformal_Conic'],PARAMETER['false_easting',2500000.0],PARAMETER['false_northing',0.0],PARAMETER['central_meridian',-102.0],PARAMETER['standard_parallel_1',17.5],PARAMETER['standard_parallel_2',29.5],PARAMETER['latitude_of_origin',12.0],UNIT['Meter',1.0]]</Process></lineage></DataProperties></Esri></metadata>
